delx,dely,alpha,kde.bw,kde.lags,horizon,crime.type, pei,pai
250,250,0,500,1,1w,all,0.425,35.977
250,250,0,500,1,1w,street,0.275,49.651
250,250,0,500,1,1w,burglary,0.364,213.911
250,250,0,500,1,1w,vehicle,0.064,37.548
250,250,0,500,1,2w,all,0.479,35.603
250,250,0,500,1,2w,street,0.311,46.224
250,250,0,500,1,2w,burglary,0.143,84.036
250,250,0,500,1,2w,vehicle,0.054,31.97
250,250,0,500,1,1m,all,0.505,35.061
250,250,0,500,1,1m,street,0.419,47.357
250,250,0,500,1,1m,burglary,0.056,33.141
250,250,0,500,1,1m,vehicle,0.059,20.285
250,250,0,500,1,2m,all,0.538,35.377
250,250,0,500,1,2m,street,0.48,48.949
250,250,0,500,1,2m,burglary,0.034,17.43
250,250,0,500,1,2m,vehicle,0.062,13.523
250,250,0,500,1,3m,all,0.549,35.536
250,250,0,500,1,3m,street,0.505,48.281
250,250,0,500,1,3m,burglary,0.034,13.369
250,250,0,500,1,3m,vehicle,0.098,16.661
250,250,0,800,1,1w,all,0.372,31.461
250,250,0,800,1,1w,street,0.251,45.333
250,250,0,800,1,1w,burglary,0.182,106.955
250,250,0,800,1,1w,vehicle,0.064,37.548
250,250,0,800,1,2w,all,0.412,30.654
250,250,0,800,1,2w,street,0.311,46.224
250,250,0,800,1,2w,burglary,0.071,42.018
250,250,0,800,1,2w,vehicle,0.054,31.97
250,250,0,800,1,1m,all,0.437,30.347
250,250,0,800,1,1m,street,0.409,46.197
250,250,0,800,1,1m,burglary,0.028,16.571
250,250,0,800,1,1m,vehicle,0.051,17.387
250,250,0,800,1,2m,all,0.473,31.118
250,250,0,800,1,2m,street,0.462,47.112
250,250,0,800,1,2m,burglary,0.017,8.715
250,250,0,800,1,2m,vehicle,0.055,11.833
250,250,0,800,1,3m,all,0.489,31.655
250,250,0,800,1,3m,street,0.486,46.472
250,250,0,800,1,3m,burglary,0.026,10.027
250,250,0,800,1,3m,vehicle,0.09,15.379
250,250,0,1000,1,1w,all,0.385,32.551
250,250,0,1000,1,1w,street,0.287,51.81
250,250,0,1000,1,1w,burglary,0,0
250,250,0,1000,1,1w,vehicle,0.021,12.516
250,250,0,1000,1,2w,all,0.42,31.213
250,250,0,1000,1,2w,street,0.341,50.626
250,250,0,1000,1,2w,burglary,0,0
250,250,0,1000,1,2w,vehicle,0.033,19.182
250,250,0,1000,1,1m,all,0.439,30.487
250,250,0,1000,1,1m,street,0.425,48.054
250,250,0,1000,1,1m,burglary,0,0
250,250,0,1000,1,1m,vehicle,0.034,11.591
250,250,0,1000,1,2m,all,0.463,30.431
250,250,0,1000,1,2m,street,0.492,50.138
250,250,0,1000,1,2m,burglary,0,0
250,250,0,1000,1,2m,vehicle,0.055,11.833
250,250,0,1000,1,3m,all,0.477,30.846
250,250,0,1000,1,3m,street,0.51,48.831
250,250,0,1000,1,3m,burglary,0.009,3.342
250,250,0,1000,1,3m,vehicle,0.09,15.379
250,425,0,500,1,1w,all,0.539,34.359
250,425,0,500,1,1w,street,0.321,46.33
250,425,0,500,1,1w,burglary,0.273,160.147
250,425,0,500,1,1w,vehicle,0.064,37.481
250,425,0,500,1,2w,all,0.575,33.149
250,425,0,500,1,2w,street,0.413,44.494
250,425,0,500,1,2w,burglary,0.143,83.886
250,425,0,500,1,2w,vehicle,0.074,31.913
250,425,0,500,1,1m,all,0.608,32.593
250,425,0,500,1,1m,street,0.522,46.114
250,425,0,500,1,1m,burglary,0.059,33.082
250,425,0,500,1,1m,vehicle,0.099,20.248
250,425,0,500,1,2m,all,0.646,33.274
250,425,0,500,1,2m,street,0.582,46.597
250,425,0,500,1,2m,burglary,0.056,17.399
250,425,0,500,1,2m,vehicle,0.086,11.812
250,425,0,500,1,3m,all,0.659,33.378
250,425,0,500,1,3m,street,0.612,46.468
250,425,0,500,1,3m,burglary,0.07,16.682
250,425,0,500,1,3m,vehicle,0.125,14.072
250,425,0,800,1,1w,all,0.476,30.316
250,425,0,800,1,1w,street,0.299,43.098
250,425,0,800,1,1w,burglary,0.182,106.765
250,425,0,800,1,1w,vehicle,0.064,37.481
250,425,0,800,1,2w,all,0.501,28.926
250,425,0,800,1,2w,street,0.429,46.141
250,425,0,800,1,2w,burglary,0.071,41.943
250,425,0,800,1,2w,vehicle,0.074,31.913
250,425,0,800,1,1m,all,0.544,29.142
250,425,0,800,1,1m,street,0.525,46.346
250,425,0,800,1,1m,burglary,0.029,16.541
250,425,0,800,1,1m,vehicle,0.085,17.356
250,425,0,800,1,2m,all,0.586,30.188
250,425,0,800,1,2m,street,0.598,47.891
250,425,0,800,1,2m,burglary,0.028,8.699
250,425,0,800,1,2m,vehicle,0.074,10.124
250,425,0,800,1,3m,all,0.604,30.601
250,425,0,800,1,3m,street,0.619,47.017
250,425,0,800,1,3m,burglary,0.042,10.009
250,425,0,800,1,3m,vehicle,0.114,12.793
250,425,0,1000,1,1w,all,0.471,30.005
250,425,0,1000,1,1w,street,0.336,48.485
250,425,0,1000,1,1w,burglary,0,0
250,425,0,1000,1,1w,vehicle,0.021,12.494
250,425,0,1000,1,2w,all,0.511,29.484
250,425,0,1000,1,2w,street,0.444,47.789
250,425,0,1000,1,2w,burglary,0,0
250,425,0,1000,1,2w,vehicle,0.029,12.765
250,425,0,1000,1,1m,all,0.547,29.352
250,425,0,1000,1,1m,street,0.512,45.187
250,425,0,1000,1,1m,burglary,0,0
250,425,0,1000,1,1m,vehicle,0.042,8.678
250,425,0,1000,1,2m,all,0.576,29.657
250,425,0,1000,1,2m,street,0.602,48.215
250,425,0,1000,1,2m,burglary,0,0
250,425,0,1000,1,2m,vehicle,0.074,10.124
250,425,0,1000,1,3m,all,0.59,29.882
250,425,0,1000,1,3m,street,0.614,46.625
250,425,0,1000,1,3m,burglary,0.014,3.336
250,425,0,1000,1,3m,vehicle,0.125,14.072
250,600,0,500,1,1w,all,0.618,33.248
250,600,0,500,1,1w,street,0.417,48.227
250,600,0,500,1,1w,burglary,0.091,53.098
250,600,0,500,1,1w,vehicle,0.064,37.282
250,600,0,500,1,2w,all,0.666,32.894
250,600,0,500,1,2w,street,0.512,46.989
250,600,0,500,1,2w,burglary,0.071,41.72
250,600,0,500,1,2w,vehicle,0.102,31.744
250,600,0,500,1,1m,all,0.709,32.802
250,600,0,500,1,1m,street,0.623,46.561
250,600,0,500,1,1m,burglary,0.041,16.453
250,600,0,500,1,1m,vehicle,0.111,17.264
250,600,0,500,1,2m,all,0.733,33.029
250,600,0,500,1,2m,street,0.688,48.173
250,600,0,500,1,2m,burglary,0.038,8.653
250,600,0,500,1,2m,vehicle,0.104,11.749
250,600,0,500,1,3m,all,0.751,33.112
250,600,0,500,1,3m,street,0.711,48.251
250,600,0,500,1,3m,burglary,0.038,6.637
250,600,0,500,1,3m,vehicle,0.156,15.27
250,600,0,800,1,1w,all,0.555,29.846
250,600,0,800,1,1w,street,0.426,49.299
250,600,0,800,1,1w,burglary,0.091,53.098
250,600,0,800,1,1w,vehicle,0.064,37.282
250,600,0,800,1,2w,all,0.599,29.565
250,600,0,800,1,2w,street,0.512,46.989
250,600,0,800,1,2w,burglary,0.071,41.72
250,600,0,800,1,2w,vehicle,0.082,25.395
250,600,0,800,1,1m,all,0.644,29.82
250,600,0,800,1,1m,street,0.62,46.33
250,600,0,800,1,1m,burglary,0.041,16.453
250,600,0,800,1,1m,vehicle,0.093,14.386
250,600,0,800,1,2m,all,0.668,30.113
250,600,0,800,1,2m,street,0.683,47.851
250,600,0,800,1,2m,burglary,0.038,8.653
250,600,0,800,1,2m,vehicle,0.09,10.07
250,600,0,800,1,3m,all,0.687,30.288
250,600,0,800,1,3m,street,0.701,47.548
250,600,0,800,1,3m,burglary,0.058,9.956
250,600,0,800,1,3m,vehicle,0.13,12.725
250,600,0,1000,1,1w,all,0.549,29.537
250,600,0,1000,1,1w,street,0.426,49.299
250,600,0,1000,1,1w,burglary,0.091,53.098
250,600,0,1000,1,1w,vehicle,0.021,12.427
250,600,0,1000,1,2w,all,0.594,29.327
250,600,0,1000,1,2w,street,0.524,48.082
250,600,0,1000,1,2w,burglary,0.036,20.86
250,600,0,1000,1,2w,vehicle,0.061,19.046
250,600,0,1000,1,1m,all,0.636,29.438
250,600,0,1000,1,1m,street,0.62,46.33
250,600,0,1000,1,1m,burglary,0.02,8.227
250,600,0,1000,1,1m,vehicle,0.074,11.509
250,600,0,1000,1,2m,all,0.656,29.567
250,600,0,1000,1,2m,street,0.697,48.817
250,600,0,1000,1,2m,burglary,0.019,4.327
250,600,0,1000,1,2m,vehicle,0.104,11.749
250,600,0,1000,1,3m,all,0.675,29.773
250,600,0,1000,1,3m,street,0.704,47.782
250,600,0,1000,1,3m,burglary,0.038,6.637
250,600,0,1000,1,3m,vehicle,0.13,12.725
425,250,0,500,1,1w,all,0.584,37.934
425,250,0,500,1,1w,street,0.385,53.872
425,250,0,500,1,1w,burglary,0.273,160.147
425,250,0,500,1,1w,vehicle,0.064,37.481
425,250,0,500,1,2w,all,0.632,36.576
425,250,0,500,1,2w,street,0.484,49.987
425,250,0,500,1,2w,burglary,0.107,62.915
425,250,0,500,1,2w,vehicle,0.074,31.913
425,250,0,500,1,1m,all,0.643,35.87
425,250,0,500,1,1m,street,0.589,51.212
425,250,0,500,1,1m,burglary,0.044,24.811
425,250,0,500,1,1m,vehicle,0.097,20.248
425,250,0,500,1,2m,all,0.661,35.657
425,250,0,500,1,2m,street,0.65,51.235
425,250,0,500,1,2m,burglary,0.043,13.049
425,250,0,500,1,2m,vehicle,0.108,15.186
425,250,0,500,1,3m,all,0.677,35.75
425,250,0,500,1,3m,street,0.671,50.706
425,250,0,500,1,3m,burglary,0.042,10.009
425,250,0,500,1,3m,vehicle,0.143,16.631
425,250,0,800,1,1w,all,0.5,32.493
425,250,0,800,1,1w,street,0.331,46.33
425,250,0,800,1,1w,burglary,0.273,160.147
425,250,0,800,1,1w,vehicle,0.064,37.481
425,250,0,800,1,2w,all,0.551,31.874
425,250,0,800,1,2w,street,0.436,45.043
425,250,0,800,1,2w,burglary,0.107,62.915
425,250,0,800,1,2w,vehicle,0.074,31.913
425,250,0,800,1,1m,all,0.565,31.513
425,250,0,800,1,1m,street,0.52,45.187
425,250,0,800,1,1m,burglary,0.044,24.811
425,250,0,800,1,1m,vehicle,0.083,17.356
425,250,0,800,1,2m,all,0.594,32.023
425,250,0,800,1,2m,street,0.592,46.705
425,250,0,800,1,2m,burglary,0.043,13.049
425,250,0,800,1,2m,vehicle,0.072,10.124
425,250,0,800,1,3m,all,0.614,32.431
425,250,0,800,1,3m,street,0.61,46.075
425,250,0,800,1,3m,burglary,0.056,13.346
425,250,0,800,1,3m,vehicle,0.11,12.793
425,250,0,1000,1,1w,all,0.5,32.493
425,250,0,1000,1,1w,street,0.362,50.64
425,250,0,1000,1,1w,burglary,0,0
425,250,0,1000,1,1w,vehicle,0.021,12.494
425,250,0,1000,1,2w,all,0.536,30.998
425,250,0,1000,1,2w,street,0.468,48.339
425,250,0,1000,1,2w,burglary,0,0
425,250,0,1000,1,2w,vehicle,0.029,12.765
425,250,0,1000,1,1m,all,0.544,30.328
425,250,0,1000,1,1m,street,0.536,46.578
425,250,0,1000,1,1m,burglary,0,0
425,250,0,1000,1,1m,vehicle,0.042,8.678
425,250,0,1000,1,2m,all,0.555,29.948
425,250,0,1000,1,2m,street,0.621,48.97
425,250,0,1000,1,2m,burglary,0,0
425,250,0,1000,1,2m,vehicle,0.048,6.749
425,250,0,1000,1,3m,all,0.573,30.298
425,250,0,1000,1,3m,street,0.631,47.724
425,250,0,1000,1,3m,burglary,0.014,3.336
425,250,0,1000,1,3m,vehicle,0.099,11.514
425,425,0,500,1,1w,all,0.735,36.06
425,425,0,500,1,1w,street,0.49,50.411
425,425,0,500,1,1w,burglary,0.273,159.422
425,425,0,500,1,1w,vehicle,0.077,37.312
425,425,0,500,1,2w,all,0.753,34.269
425,425,0,500,1,2w,street,0.622,48.667
425,425,0,500,1,2w,burglary,0.107,62.63
425,425,0,500,1,2w,vehicle,0.122,31.769
425,425,0,500,1,1m,all,0.787,33.799
425,425,0,500,1,1m,street,0.727,50.289
425,425,0,500,1,1m,burglary,0.07,24.699
425,425,0,500,1,1m,vehicle,0.156,20.157
425,425,0,500,1,2m,all,0.797,33.345
425,425,0,500,1,2m,street,0.767,49.392
425,425,0,500,1,2m,burglary,0.065,12.99
425,425,0,500,1,2m,vehicle,0.121,11.758
425,425,0,500,1,3m,all,0.81,33.289
425,425,0,500,1,3m,street,0.785,48.758
425,425,0,500,1,3m,burglary,0.087,13.285
425,425,0,500,1,3m,vehicle,0.171,15.282
425,425,0,800,1,1w,all,0.615,30.179
425,425,0,800,1,1w,street,0.438,45.048
425,425,0,800,1,1w,burglary,0.182,106.282
425,425,0,800,1,1w,vehicle,0.077,37.312
425,425,0,800,1,2w,all,0.639,29.112
425,425,0,800,1,2w,street,0.58,45.386
425,425,0,800,1,2w,burglary,0.071,41.753
425,425,0,800,1,2w,vehicle,0.122,31.769
425,425,0,800,1,1m,all,0.681,29.219
425,425,0,800,1,1m,street,0.657,45.444
425,425,0,800,1,1m,burglary,0.047,16.466
425,425,0,800,1,1m,vehicle,0.133,17.277
425,425,0,800,1,2m,all,0.712,29.796
425,425,0,800,1,2m,street,0.725,46.708
425,425,0,800,1,2m,burglary,0.043,8.66
425,425,0,800,1,2m,vehicle,0.103,10.078
425,425,0,800,1,3m,all,0.734,30.199
425,425,0,800,1,3m,street,0.741,46.023
425,425,0,800,1,3m,burglary,0.065,9.964
425,425,0,800,1,3m,vehicle,0.143,12.735
425,425,0,1000,1,1w,all,0.603,29.56
425,425,0,1000,1,1w,street,0.479,49.338
425,425,0,1000,1,1w,burglary,0,0
425,425,0,1000,1,1w,vehicle,0.026,12.437
425,425,0,1000,1,2w,all,0.631,28.716
425,425,0,1000,1,2w,street,0.594,46.48
425,425,0,1000,1,2w,burglary,0,0
425,425,0,1000,1,2w,vehicle,0.049,12.708
425,425,0,1000,1,1m,all,0.669,28.733
425,425,0,1000,1,1m,street,0.64,44.291
425,425,0,1000,1,1m,burglary,0,0
425,425,0,1000,1,1m,vehicle,0.067,8.639
425,425,0,1000,1,2m,all,0.699,29.267
425,425,0,1000,1,2m,street,0.732,47.138
425,425,0,1000,1,2m,burglary,0,0
425,425,0,1000,1,2m,vehicle,0.069,6.719
425,425,0,1000,1,3m,all,0.723,29.734
425,425,0,1000,1,3m,street,0.738,45.867
425,425,0,1000,1,3m,burglary,0.022,3.321
425,425,0,1000,1,3m,vehicle,0.114,10.188
425,600,0,500,1,1w,all,0.804,34.967
425,600,0,500,1,1w,street,0.566,49.735
425,600,0,500,1,1w,burglary,0.091,52.429
425,600,0,500,1,1w,vehicle,0.107,36.812
425,600,0,500,1,2w,all,0.833,33.966
425,600,0,500,1,2w,street,0.695,49.094
425,600,0,500,1,2w,burglary,0.036,20.597
425,600,0,500,1,2w,vehicle,0.167,31.343
425,600,0,500,1,1m,all,0.862,33.586
425,600,0,500,1,1m,street,0.795,49.388
425,600,0,500,1,1m,burglary,0.062,16.246
425,600,0,500,1,1m,vehicle,0.162,17.046
425,600,0,500,1,2m,all,0.88,33.353
425,600,0,500,1,2m,street,0.865,50.956
425,600,0,500,1,2m,burglary,0.057,8.544
425,600,0,500,1,2m,vehicle,0.127,11.601
425,600,0,500,1,3m,all,0.896,33.352
425,600,0,500,1,3m,street,0.875,50.572
425,600,0,500,1,3m,burglary,0.057,6.554
425,600,0,500,1,3m,vehicle,0.169,12.565
425,600,0,800,1,1w,all,0.663,28.859
425,600,0,800,1,1w,street,0.542,47.619
425,600,0,800,1,1w,burglary,0.091,52.429
425,600,0,800,1,1w,vehicle,0.107,36.812
425,600,0,800,1,2w,all,0.708,28.879
425,600,0,800,1,2w,street,0.664,46.936
425,600,0,800,1,2w,burglary,0.036,20.597
425,600,0,800,1,2w,vehicle,0.133,25.075
425,600,0,800,1,1m,all,0.743,28.93
425,600,0,800,1,1m,street,0.74,45.974
425,600,0,800,1,1m,burglary,0.062,16.246
425,600,0,800,1,1m,vehicle,0.135,14.205
425,600,0,800,1,2m,all,0.769,29.144
425,600,0,800,1,2m,street,0.826,48.625
425,600,0,800,1,2m,burglary,0.057,8.544
425,600,0,800,1,2m,vehicle,0.091,8.286
425,600,0,800,1,3m,all,0.789,29.398
425,600,0,800,1,3m,street,0.833,48.182
425,600,0,800,1,3m,burglary,0.086,9.83
425,600,0,800,1,3m,vehicle,0.136,10.052
425,600,0,1000,1,1w,all,0.712,30.997
425,600,0,1000,1,1w,street,0.578,50.794
425,600,0,1000,1,1w,burglary,0,0
425,600,0,1000,1,1w,vehicle,0.036,12.271
425,600,0,1000,1,2w,all,0.75,30.601
425,600,0,1000,1,2w,street,0.679,48.015
425,600,0,1000,1,2w,burglary,0,0
425,600,0,1000,1,2w,vehicle,0.067,12.537
425,600,0,1000,1,1m,all,0.772,30.06
425,600,0,1000,1,1m,street,0.729,45.291
425,600,0,1000,1,1m,burglary,0,0
425,600,0,1000,1,1m,vehicle,0.081,8.523
425,600,0,1000,1,2m,all,0.789,29.902
425,600,0,1000,1,2m,street,0.818,48.201
425,600,0,1000,1,2m,burglary,0,0
425,600,0,1000,1,2m,vehicle,0.073,6.629
425,600,0,1000,1,3m,all,0.81,30.154
425,600,0,1000,1,3m,street,0.816,47.18
425,600,0,1000,1,3m,burglary,0.029,3.277
425,600,0,1000,1,3m,vehicle,0.119,8.795
600,250,0,500,1,1w,all,0.582,32.475
600,250,0,500,1,1w,street,0.463,53.585
600,250,0,500,1,1w,burglary,0.091,53.098
600,250,0,500,1,1w,vehicle,0.064,37.282
600,250,0,500,1,2w,all,0.616,30.674
600,250,0,500,1,2w,street,0.561,50.267
600,250,0,500,1,2w,burglary,0.036,20.86
600,250,0,500,1,2w,vehicle,0.1,31.744
600,250,0,500,1,1m,all,0.677,31.796
600,250,0,500,1,1m,street,0.663,49.788
600,250,0,500,1,1m,burglary,0.02,8.227
600,250,0,500,1,1m,vehicle,0.143,23.018
600,250,0,500,1,2m,all,0.712,32.381
600,250,0,500,1,2m,street,0.747,52.035
600,250,0,500,1,2m,burglary,0.02,4.327
600,250,0,500,1,2m,vehicle,0.132,15.106
600,250,0,500,1,3m,all,0.729,32.572
600,250,0,500,1,3m,street,0.768,51.296
600,250,0,500,1,3m,burglary,0.019,3.319
600,250,0,500,1,3m,vehicle,0.16,16.543
600,250,0,800,1,1w,all,0.543,30.31
600,250,0,800,1,1w,street,0.454,52.514
600,250,0,800,1,1w,burglary,0,0
600,250,0,800,1,1w,vehicle,0.043,24.855
600,250,0,800,1,2w,all,0.611,30.437
600,250,0,800,1,2w,street,0.537,48.082
600,250,0,800,1,2w,burglary,0,0
600,250,0,800,1,2w,vehicle,0.08,25.395
600,250,0,800,1,1m,all,0.65,30.548
600,250,0,800,1,1m,street,0.626,47.022
600,250,0,800,1,1m,burglary,0,0
600,250,0,800,1,1m,vehicle,0.125,20.141
600,250,0,800,1,2m,all,0.686,31.238
600,250,0,800,1,2m,street,0.709,49.353
600,250,0,800,1,2m,burglary,0,0
600,250,0,800,1,2m,vehicle,0.118,13.427
600,250,0,800,1,3m,all,0.713,31.844
600,250,0,800,1,3m,street,0.715,47.704
600,250,0,800,1,3m,burglary,0.019,3.319
600,250,0,800,1,3m,vehicle,0.16,16.543
600,250,0,1000,1,1w,all,0.59,32.939
600,250,0,1000,1,1w,street,0.454,52.514
600,250,0,1000,1,1w,burglary,0,0
600,250,0,1000,1,1w,vehicle,0.021,12.427
600,250,0,1000,1,2w,all,0.643,32.022
600,250,0,1000,1,2w,street,0.549,49.174
600,250,0,1000,1,2w,burglary,0,0
600,250,0,1000,1,2w,vehicle,0.06,19.046
600,250,0,1000,1,1m,all,0.667,31.345
600,250,0,1000,1,1m,street,0.62,46.561
600,250,0,1000,1,1m,burglary,0,0
600,250,0,1000,1,1m,vehicle,0.071,11.509
600,250,0,1000,1,2m,all,0.687,31.272
600,250,0,1000,1,2m,street,0.7,48.709
600,250,0,1000,1,2m,burglary,0,0
600,250,0,1000,1,2m,vehicle,0.103,11.749
600,250,0,1000,1,3m,all,0.708,31.631
600,250,0,1000,1,3m,street,0.703,46.923
600,250,0,1000,1,3m,burglary,0.019,3.319
600,250,0,1000,1,3m,vehicle,0.136,13.998
600,425,0,500,1,1w,all,0.68,30.233
600,425,0,500,1,1w,street,0.6,50.794
600,425,0,500,1,1w,burglary,0.091,52.429
600,425,0,500,1,1w,vehicle,0.069,24.541
600,425,0,500,1,2w,all,0.691,28.722
600,425,0,500,1,2w,street,0.709,48.554
600,425,0,500,1,2w,burglary,0.071,41.194
600,425,0,500,1,2w,vehicle,0.125,25.075
600,425,0,500,1,1m,all,0.772,29.889
600,425,0,500,1,1m,street,0.768,48.932
600,425,0,500,1,1m,burglary,0.062,16.246
600,425,0,500,1,1m,vehicle,0.211,22.728
600,425,0,500,1,2m,all,0.813,30.508
600,425,0,500,1,2m,street,0.817,49.79
600,425,0,500,1,2m,burglary,0.057,8.544
600,425,0,500,1,2m,vehicle,0.157,13.258
600,425,0,500,1,3m,all,0.823,30.848
600,425,0,500,1,3m,street,0.825,48.722
600,425,0,500,1,3m,burglary,0.057,6.554
600,425,0,500,1,3m,vehicle,0.2,15.078
600,425,0,800,1,1w,all,0.677,30.08
600,425,0,800,1,1w,street,0.6,50.794
600,425,0,800,1,1w,burglary,0,0
600,425,0,800,1,1w,vehicle,0.069,24.541
600,425,0,800,1,2w,all,0.714,29.662
600,425,0,800,1,2w,street,0.669,45.857
600,425,0,800,1,2w,burglary,0,0
600,425,0,800,1,2w,vehicle,0.125,25.075
600,425,0,800,1,1m,all,0.776,30.06
600,425,0,800,1,1m,street,0.721,45.974
600,425,0,800,1,1m,burglary,0,0
600,425,0,800,1,1m,vehicle,0.132,14.205
600,425,0,800,1,2m,all,0.822,30.861
600,425,0,800,1,2m,street,0.788,47.989
600,425,0,800,1,2m,burglary,0,0
600,425,0,800,1,2m,vehicle,0.118,9.943
600,425,0,800,1,3m,all,0.839,31.443
600,425,0,800,1,3m,street,0.79,46.64
600,425,0,800,1,3m,burglary,0.029,3.277
600,425,0,800,1,3m,vehicle,0.167,12.565
600,425,0,1000,1,1w,all,0.68,30.233
600,425,0,1000,1,1w,street,0.588,49.735
600,425,0,1000,1,1w,burglary,0,0
600,425,0,1000,1,1w,vehicle,0.034,12.271
600,425,0,1000,1,2w,all,0.708,29.427
600,425,0,1000,1,2w,street,0.709,48.554
600,425,0,1000,1,2w,burglary,0,0
600,425,0,1000,1,2w,vehicle,0.062,12.537
600,425,0,1000,1,1m,all,0.753,29.17
600,425,0,1000,1,1m,street,0.718,45.746
600,425,0,1000,1,1m,burglary,0,0
600,425,0,1000,1,1m,vehicle,0.079,8.523
600,425,0,1000,1,2m,all,0.801,30.07
600,425,0,1000,1,2m,street,0.783,47.672
600,425,0,1000,1,2m,burglary,0,0
600,425,0,1000,1,2m,vehicle,0.078,6.629
600,425,0,1000,1,3m,all,0.817,30.625
600,425,0,1000,1,3m,street,0.786,46.409
600,425,0,1000,1,3m,burglary,0.029,3.277
600,425,0,1000,1,3m,vehicle,0.133,10.052
600,600,0,500,1,1w,all,0.847,31.95
600,600,0,500,1,1w,street,0.573,45.123
600,600,0,500,1,1w,burglary,0,0
600,600,0,500,1,1w,vehicle,0.095,24.337
600,600,0,500,1,2w,all,0.848,30.268
600,600,0,500,1,2w,street,0.724,44.94
600,600,0,500,1,2w,burglary,0.048,20.425
600,600,0,500,1,2w,vehicle,0.13,18.649
600,600,0,500,1,1m,all,0.89,31.032
600,600,0,500,1,1m,street,0.837,46.268
600,600,0,500,1,1m,burglary,0.042,8.055
600,600,0,500,1,1m,vehicle,0.182,16.904
600,600,0,500,1,2m,all,0.93,31.506
600,600,0,500,1,2m,street,0.889,48.85
600,600,0,500,1,2m,burglary,0.036,4.236
600,600,0,500,1,2m,vehicle,0.171,11.504
600,600,0,500,1,3m,all,0.938,31.759
600,600,0,500,1,3m,street,0.893,48.086
600,600,0,500,1,3m,burglary,0.036,3.25
600,600,0,500,1,3m,vehicle,0.222,12.46
600,600,0,800,1,1w,all,0.787,29.678
600,600,0,800,1,1w,street,0.64,50.37
600,600,0,800,1,1w,burglary,0,0
600,600,0,800,1,1w,vehicle,0.048,12.168
600,600,0,800,1,2w,all,0.843,30.113
600,600,0,800,1,2w,street,0.759,47.08
600,600,0,800,1,2w,burglary,0.048,20.425
600,600,0,800,1,2w,vehicle,0.13,18.649
600,600,0,800,1,1m,all,0.865,30.149
600,600,0,800,1,1m,street,0.833,46.042
600,600,0,800,1,1m,burglary,0.042,8.055
600,600,0,800,1,1m,vehicle,0.182,16.904
600,600,0,800,1,2m,all,0.887,30.053
600,600,0,800,1,2m,street,0.885,48.64
600,600,0,800,1,2m,burglary,0.036,4.236
600,600,0,800,1,2m,vehicle,0.171,11.504
600,600,0,800,1,3m,all,0.897,30.345
600,600,0,800,1,3m,street,0.882,47.475
600,600,0,800,1,3m,burglary,0.071,6.499
600,600,0,800,1,3m,vehicle,0.244,13.706
600,600,0,1000,1,1w,all,0.791,29.83
600,600,0,1000,1,1w,street,0.613,48.272
600,600,0,1000,1,1w,burglary,0.091,51.992
600,600,0,1000,1,1w,vehicle,0.048,12.168
600,600,0,1000,1,2w,all,0.837,29.88
600,600,0,1000,1,2w,street,0.767,47.615
600,600,0,1000,1,2w,burglary,0.048,20.425
600,600,0,1000,1,2w,vehicle,0.13,18.649
600,600,0,1000,1,1m,all,0.849,29.606
600,600,0,1000,1,1m,street,0.833,46.042
600,600,0,1000,1,1m,burglary,0.042,8.055
600,600,0,1000,1,1m,vehicle,0.121,11.269
600,600,0,1000,1,2m,all,0.875,29.653
600,600,0,1000,1,2m,street,0.885,48.64
600,600,0,1000,1,2m,burglary,0.036,4.236
600,600,0,1000,1,2m,vehicle,0.122,8.217
600,600,0,1000,1,3m,all,0.886,29.989
600,600,0,1000,1,3m,street,0.876,47.169
600,600,0,1000,1,3m,burglary,0.071,6.499
600,600,0,1000,1,3m,vehicle,0.178,9.968
600,600,0,1000,6,2m,all,0.895,30.204
250,250,0,250,1,1w,all,0.77,48.407
250,250,0,250,1,1w,street,0.722,65.329
250,250,0,250,1,1w,burglary,0.578,91.584
250,250,0,250,1,1w,vehicle,0.624,69.929
250,250,0,250,1,2w,all,0.768,48.328
250,250,0,250,1,2w,street,0.72,64.928
250,250,0,250,1,2w,burglary,0.574,88.579
250,250,0,250,1,2w,vehicle,0.611,67.946
250,250,0,250,1,1m,all,0.768,48.315
250,250,0,250,1,1m,street,0.72,64.674
250,250,0,250,1,1m,burglary,0.557,81.789
250,250,0,250,1,1m,vehicle,0.576,63.822
250,250,0,250,1,2m,all,0.77,48.359
250,250,0,250,1,2m,street,0.72,64.591
250,250,0,250,1,2m,burglary,0.538,73.414
250,250,0,250,1,2m,vehicle,0.542,59.358
250,250,0,250,1,3m,all,0.77,48.294
250,250,0,250,1,3m,street,0.714,63.131
250,250,0,250,1,3m,burglary,0.534,68.895
250,250,0,250,1,3m,vehicle,0.543,56.447
250,425,0,250,1,1w,all,0.842,42.033
250,425,0,250,1,1w,street,0.796,58.451
250,425,0,250,1,1w,burglary,0.624,67.98
250,425,0,250,1,1w,vehicle,0.543,48.108
250,425,0,250,1,2w,all,0.843,42.065
250,425,0,250,1,2w,street,0.796,58.338
250,425,0,250,1,2w,burglary,0.621,66.882
250,425,0,250,1,2w,vehicle,0.542,46.885
250,425,0,250,1,1m,all,0.844,42.006
250,425,0,250,1,1m,street,0.802,58.254
250,425,0,250,1,1m,burglary,0.602,61.756
250,425,0,250,1,1m,vehicle,0.538,44.009
250,425,0,250,1,2m,all,0.843,41.978
250,425,0,250,1,2m,street,0.806,58.263
250,425,0,250,1,2m,burglary,0.562,55.432
250,425,0,250,1,2m,vehicle,0.534,41.401
250,425,0,250,1,3m,all,0.845,41.847
250,425,0,250,1,3m,street,0.803,57.617
250,425,0,250,1,3m,burglary,0.562,52.02
250,425,0,250,1,3m,vehicle,0.533,39.69
250,600,0,250,1,1w,all,0.847,37.323
250,600,0,250,1,1w,street,0.843,54.428
250,600,0,250,1,1w,burglary,0.582,53.628
250,600,0,250,1,1w,vehicle,0.517,36.593
250,600,0,250,1,2w,all,0.846,37.233
250,600,0,250,1,2w,street,0.839,53.972
250,600,0,250,1,2w,burglary,0.58,52.996
250,600,0,250,1,2w,vehicle,0.506,35.317
250,600,0,250,1,1m,all,0.843,37.043
250,600,0,250,1,1m,street,0.848,53.829
250,600,0,250,1,1m,burglary,0.547,48.934
250,600,0,250,1,1m,vehicle,0.5,33.352
250,600,0,250,1,2m,all,0.842,36.869
250,600,0,250,1,2m,street,0.845,53.88
250,600,0,250,1,2m,burglary,0.505,43.923
250,600,0,250,1,2m,vehicle,0.483,31.358
250,600,0,250,1,3m,all,0.843,36.75
250,600,0,250,1,3m,street,0.837,53.217
250,600,0,250,1,3m,burglary,0.505,41.219
250,600,0,250,1,3m,vehicle,0.472,29.962
425,250,0,250,1,1w,all,0.844,43.77
425,250,0,250,1,1w,street,0.795,57.601
425,250,0,250,1,1w,burglary,0.656,71.496
425,250,0,250,1,1w,vehicle,0.511,44.807
425,250,0,250,1,2w,all,0.842,43.624
425,250,0,250,1,2w,street,0.792,57.229
425,250,0,250,1,2w,burglary,0.642,69.15
425,250,0,250,1,2w,vehicle,0.505,43.244
425,250,0,250,1,1m,all,0.842,43.605
425,250,0,250,1,1m,street,0.788,56.514
425,250,0,250,1,1m,burglary,0.616,63.849
425,250,0,250,1,1m,vehicle,0.503,40.237
425,250,0,250,1,2m,all,0.841,43.619
425,250,0,250,1,2m,street,0.784,55.975
425,250,0,250,1,2m,burglary,0.575,57.311
425,250,0,250,1,2m,vehicle,0.483,36.843
425,250,0,250,1,3m,all,0.842,43.51
425,250,0,250,1,3m,street,0.78,55.173
425,250,0,250,1,3m,burglary,0.57,53.783
425,250,0,250,1,3m,vehicle,0.471,34.375
425,425,0,250,1,1w,all,0.907,37.538
425,425,0,250,1,1w,street,0.854,51.86
425,425,0,250,1,1w,burglary,0.623,50.171
425,425,0,250,1,1w,vehicle,0.518,34.275
425,425,0,250,1,2w,all,0.906,37.458
425,425,0,250,1,2w,street,0.851,51.665
425,425,0,250,1,2w,burglary,0.606,48.524
425,425,0,250,1,2w,vehicle,0.517,33.532
425,425,0,250,1,1m,all,0.907,37.442
425,425,0,250,1,1m,street,0.854,51.616
425,425,0,250,1,1m,burglary,0.573,44.805
425,425,0,250,1,1m,vehicle,0.517,31.71
425,425,0,250,1,2m,all,0.901,37.168
425,425,0,250,1,2m,street,0.852,51.336
425,425,0,250,1,2m,burglary,0.518,40.217
425,425,0,250,1,2m,vehicle,0.481,28.736
425,425,0,250,1,3m,all,0.903,37.046
425,425,0,250,1,3m,street,0.85,50.853
425,425,0,250,1,3m,burglary,0.512,37.741
425,425,0,250,1,3m,vehicle,0.476,27.516
425,600,0,250,1,1w,all,0.898,33.319
425,600,0,250,1,1w,street,0.819,47.501
425,600,0,250,1,1w,burglary,0.532,37.988
425,600,0,250,1,1w,vehicle,0.439,25.014
425,600,0,250,1,2w,all,0.898,33.305
425,600,0,250,1,2w,street,0.817,47.249
425,600,0,250,1,2w,burglary,0.532,36.741
425,600,0,250,1,2w,vehicle,0.435,24.142
425,600,0,250,1,1m,all,0.895,33.171
425,600,0,250,1,1m,street,0.82,46.7
425,600,0,250,1,1m,burglary,0.531,34.953
425,600,0,250,1,1m,vehicle,0.441,23.052
425,600,0,250,1,2m,all,0.897,33.118
425,600,0,250,1,2m,street,0.808,46.017
425,600,0,250,1,2m,burglary,0.5,31.374
425,600,0,250,1,2m,vehicle,0.412,20.89
425,600,0,250,1,3m,all,0.897,33.059
425,600,0,250,1,3m,street,0.8,45.447
425,600,0,250,1,3m,burglary,0.5,29.442
425,600,0,250,1,3m,vehicle,0.396,19.839
600,250,0,250,1,1w,all,0.866,38.041
600,250,0,250,1,1w,street,0.807,51.635
600,250,0,250,1,1w,burglary,0.558,50.131
600,250,0,250,1,1w,vehicle,0.543,38.47
600,250,0,250,1,2w,all,0.862,37.862
600,250,0,250,1,2w,street,0.804,51.481
600,250,0,250,1,2w,burglary,0.544,48.486
600,250,0,250,1,2w,vehicle,0.542,37.58
600,250,0,250,1,1m,all,0.861,37.846
600,250,0,250,1,1m,street,0.813,51.64
600,250,0,250,1,1m,burglary,0.518,44.769
600,250,0,250,1,1m,vehicle,0.532,35.02
600,250,0,250,1,2m,all,0.862,37.833
600,250,0,250,1,2m,street,0.812,51.801
600,250,0,250,1,2m,burglary,0.467,40.185
600,250,0,250,1,2m,vehicle,0.503,32.869
600,250,0,250,1,3m,all,0.862,37.712
600,250,0,250,1,3m,street,0.801,50.761
600,250,0,250,1,3m,burglary,0.457,37.711
600,250,0,250,1,3m,vehicle,0.478,30.667
600,425,0,250,1,1w,all,0.887,33.297
600,425,0,250,1,1w,street,0.816,47.573
600,425,0,250,1,1w,burglary,0.5,35.685
600,425,0,250,1,1w,vehicle,0.496,29.183
600,425,0,250,1,2w,all,0.883,33.139
600,425,0,250,1,2w,street,0.818,47.495
600,425,0,250,1,2w,burglary,0.516,35.627
600,425,0,250,1,2w,vehicle,0.5,28.612
600,425,0,250,1,1m,all,0.883,33.043
600,425,0,250,1,1m,street,0.827,47.635
600,425,0,250,1,1m,burglary,0.508,32.897
600,425,0,250,1,1m,vehicle,0.508,27.169
600,425,0,250,1,2m,all,0.89,33.093
600,425,0,250,1,2m,street,0.834,47.986
600,425,0,250,1,2m,burglary,0.478,29.528
600,425,0,250,1,2m,vehicle,0.478,24.621
600,425,0,250,1,3m,all,0.891,33.043
600,425,0,250,1,3m,street,0.825,47.191
600,425,0,250,1,3m,burglary,0.478,27.71
600,425,0,250,1,3m,vehicle,0.462,22.971
600,600,0,250,1,1w,all,0.812,27.862
600,600,0,250,1,1w,street,0.825,43.974
600,600,0,250,1,1w,burglary,0.5,28.539
600,600,0,250,1,1w,vehicle,0.52,24.347
600,600,0,250,1,2w,all,0.813,27.819
600,600,0,250,1,2w,street,0.83,44.068
600,600,0,250,1,2w,burglary,0.52,28.706
600,600,0,250,1,2w,vehicle,0.515,23.497
600,600,0,250,1,1m,all,0.817,27.781
600,600,0,250,1,1m,street,0.838,44.04
600,600,0,250,1,1m,burglary,0.5,26.506
600,600,0,250,1,1m,vehicle,0.509,22.452
600,600,0,250,1,2m,all,0.82,27.689
600,600,0,250,1,2m,street,0.845,44.698
600,600,0,250,1,2m,burglary,0.448,23.792
600,600,0,250,1,2m,vehicle,0.492,21.456
600,600,0,250,1,3m,all,0.815,27.492
600,600,0,250,1,3m,street,0.841,44.342
600,600,0,250,1,3m,burglary,0.448,22.327
600,600,0,250,1,3m,vehicle,0.468,20.019
100,625,0,250,1,1w,all,0.591,36.471
100,625,0,250,1,1w,street,0.64,56.593
100,625,0,250,1,1w,burglary,0.351,55.185
100,625,0,250,1,1w,vehicle,0.444,50.557
100,625,0,250,1,2w,all,0.588,36.309
100,625,0,250,1,2w,street,0.641,56.471
100,625,0,250,1,2w,burglary,0.356,54.51
100,625,0,250,1,2w,vehicle,0.433,48.793
100,625,0,250,1,1m,all,0.586,36.154
100,625,0,250,1,1m,street,0.635,55.759
100,625,0,250,1,1m,burglary,0.348,50.332
100,625,0,250,1,1m,vehicle,0.418,47.027
100,625,0,250,1,2m,all,0.584,35.927
100,625,0,250,1,2m,street,0.625,55
100,625,0,250,1,2m,burglary,0.329,45.178
100,625,0,250,1,2m,vehicle,0.394,43.758
100,625,0,250,1,3m,all,0.585,35.899
100,625,0,250,1,3m,street,0.618,54.035
100,625,0,250,1,3m,burglary,0.333,43.28
100,625,0,250,1,3m,vehicle,0.403,42.601
100,625,0,500,1,1w,all,0.556,34.347
100,625,0,500,1,1w,street,0.609,53.892
100,625,0,500,1,1w,burglary,0.336,52.837
100,625,0,500,1,1w,vehicle,0.245,27.877
100,625,0,500,1,2w,all,0.554,34.217
100,625,0,500,1,2w,street,0.609,53.64
100,625,0,500,1,2w,burglary,0.341,52.239
100,625,0,500,1,2w,vehicle,0.243,27.361
100,625,0,500,1,1m,all,0.552,34.02
100,625,0,500,1,1m,street,0.605,53.128
100,625,0,500,1,1m,burglary,0.333,48.235
100,625,0,500,1,1m,vehicle,0.228,25.613
100,625,0,500,1,2m,all,0.55,33.803
100,625,0,500,1,2m,street,0.6,52.822
100,625,0,500,1,2m,burglary,0.315,43.295
100,625,0,500,1,2m,vehicle,0.212,23.591
100,625,0,500,1,3m,all,0.55,33.768
100,625,0,500,1,3m,street,0.601,52.541
100,625,0,500,1,3m,burglary,0.32,41.513
100,625,0,500,1,3m,vehicle,0.221,23.431
100,625,0,800,1,1w,all,0.514,31.714
100,625,0,800,1,1w,street,0.589,52.078
100,625,0,800,1,1w,burglary,0.246,38.747
100,625,0,800,1,1w,vehicle,0.228,25.987
100,625,0,800,1,2w,all,0.513,31.656
100,625,0,800,1,2w,street,0.589,51.921
100,625,0,800,1,2w,burglary,0.252,38.611
100,625,0,800,1,2w,vehicle,0.227,25.537
100,625,0,800,1,1m,all,0.511,31.531
100,625,0,800,1,1m,street,0.586,51.45
100,625,0,800,1,1m,burglary,0.246,35.652
100,625,0,800,1,1m,vehicle,0.213,23.933
100,625,0,800,1,2m,all,0.511,31.452
100,625,0,800,1,2m,street,0.58,51.039
100,625,0,800,1,2m,burglary,0.233,32.001
100,625,0,800,1,2m,vehicle,0.199,22.069
100,625,0,800,1,3m,all,0.513,31.502
100,625,0,800,1,3m,street,0.578,50.608
100,625,0,800,1,3m,burglary,0.238,30.914
100,625,0,800,1,3m,vehicle,0.211,22.366
100,625,0,1000,1,1w,all,0.513,31.68
100,625,0,1000,1,1w,street,0.591,52.263
100,625,0,1000,1,1w,burglary,0.067,10.567
100,625,0,1000,1,1w,vehicle,0.191,21.735
100,625,0,1000,1,2w,all,0.512,31.623
100,625,0,1000,1,2w,street,0.591,52.1
100,625,0,1000,1,2w,burglary,0.067,10.221
100,625,0,1000,1,2w,vehicle,0.194,21.889
100,625,0,1000,1,1m,all,0.512,31.551
100,625,0,1000,1,1m,street,0.586,51.417
100,625,0,1000,1,1m,burglary,0.065,9.437
100,625,0,1000,1,1m,vehicle,0.183,20.574
100,625,0,1000,1,2m,all,0.513,31.57
100,625,0,1000,1,2m,street,0.585,51.464
100,625,0,1000,1,2m,burglary,0.062,8.471
100,625,0,1000,1,2m,vehicle,0.171,19.025
100,625,0,1000,1,3m,all,0.514,31.55
100,625,0,1000,1,3m,street,0.581,50.84
100,625,0,1000,1,3m,burglary,0.068,8.833
100,625,0,1000,1,3m,vehicle,0.188,19.881
625,100,0,250,1,1w,all,0.627,38.245
625,100,0,250,1,1w,street,0.579,51.745
625,100,0,250,1,1w,burglary,0.386,59.882
625,100,0,250,1,1w,vehicle,0.401,45.832
625,100,0,250,1,2w,all,0.625,38.138
625,100,0,250,1,2w,street,0.579,51.634
625,100,0,250,1,2w,burglary,0.391,59.053
625,100,0,250,1,2w,vehicle,0.394,44.689
625,100,0,250,1,1m,all,0.627,38.156
625,100,0,250,1,1m,street,0.578,51.22
625,100,0,250,1,1m,burglary,0.382,54.526
625,100,0,250,1,1m,vehicle,0.374,41.568
625,100,0,250,1,2m,all,0.63,38.299
625,100,0,250,1,2m,street,0.577,50.728
625,100,0,250,1,2m,burglary,0.369,48.943
625,100,0,250,1,2m,vehicle,0.359,39.192
625,100,0,250,1,3m,all,0.629,38.234
625,100,0,250,1,3m,street,0.571,49.706
625,100,0,250,1,3m,burglary,0.369,45.93
625,100,0,250,1,3m,vehicle,0.349,36.566
625,100,0,500,1,1w,all,0.566,34.516
625,100,0,500,1,1w,street,0.567,50.671
625,100,0,500,1,1w,burglary,0.371,57.534
625,100,0,500,1,1w,vehicle,0.207,23.625
625,100,0,500,1,2w,all,0.564,34.386
625,100,0,500,1,2w,street,0.568,50.631
625,100,0,500,1,2w,burglary,0.376,56.781
625,100,0,500,1,2w,vehicle,0.209,23.713
625,100,0,500,1,1m,all,0.564,34.306
625,100,0,500,1,1m,street,0.568,50.332
625,100,0,500,1,1m,burglary,0.368,52.429
625,100,0,500,1,1m,vehicle,0.2,22.254
625,100,0,500,1,2m,all,0.563,34.231
625,100,0,500,1,2m,street,0.57,50.106
625,100,0,500,1,2m,burglary,0.355,47.06
625,100,0,500,1,2m,vehicle,0.188,20.547
625,100,0,500,1,3m,all,0.566,34.381
625,100,0,500,1,3m,street,0.572,49.809
625,100,0,500,1,3m,burglary,0.355,44.163
625,100,0,500,1,3m,vehicle,0.2,20.946
625,100,0,800,1,1w,all,0.53,32.347
625,100,0,800,1,1w,street,0.569,50.819
625,100,0,800,1,1w,burglary,0.265,41.096
625,100,0,800,1,1w,vehicle,0.227,25.987
625,100,0,800,1,2w,all,0.528,32.229
625,100,0,800,1,2w,street,0.569,50.738
625,100,0,800,1,2w,burglary,0.263,39.747
625,100,0,800,1,2w,vehicle,0.225,25.537
625,100,0,800,1,1m,all,0.527,32.098
625,100,0,800,1,1m,street,0.567,50.266
625,100,0,800,1,1m,burglary,0.257,36.7
625,100,0,800,1,1m,vehicle,0.211,23.513
625,100,0,800,1,2m,all,0.526,31.993
625,100,0,800,1,2m,street,0.566,49.823
625,100,0,800,1,2m,burglary,0.248,32.942
625,100,0,800,1,2m,vehicle,0.199,21.689
625,100,0,800,1,3m,all,0.529,32.146
625,100,0,800,1,3m,street,0.567,49.32
625,100,0,800,1,3m,burglary,0.255,31.798
625,100,0,800,1,3m,vehicle,0.21,22.011
625,100,0,1000,1,1w,all,0.502,30.63
625,100,0,1000,1,1w,street,0.581,51.893
625,100,0,1000,1,1w,burglary,0.076,11.742
625,100,0,1000,1,1w,vehicle,0.186,21.262
625,100,0,1000,1,2w,all,0.501,30.558
625,100,0,1000,1,2w,street,0.581,51.813
625,100,0,1000,1,2w,burglary,0.075,11.356
625,100,0,1000,1,2w,vehicle,0.189,21.433
625,100,0,1000,1,1m,all,0.501,30.492
625,100,0,1000,1,1m,street,0.578,51.253
625,100,0,1000,1,1m,burglary,0.074,10.486
625,100,0,1000,1,1m,vehicle,0.181,20.154
625,100,0,1000,1,2m,all,0.5,30.429
625,100,0,1000,1,2m,street,0.581,51.068
625,100,0,1000,1,2m,burglary,0.071,9.412
625,100,0,1000,1,2m,vehicle,0.178,19.406
625,100,0,1000,1,3m,all,0.502,30.544
625,100,0,1000,1,3m,street,0.58,50.505
625,100,0,1000,1,3m,burglary,0.078,9.716
625,100,0,1000,1,3m,vehicle,0.19,19.881
250,250,0,250,1,1w,vehicle,0.624,69.929
250,250,0,250,1,1w,vehicle,0.128,75.096
